{
    "$schema": "https://schema.management.azure.com/schemas/2015-01-01/deploymentTemplate.json#",
    "contentVersion": "1.0.0.0",
    "parameters": {
        "serverfarms_APP_TEMPLATE_name": {
            "defaultValue": "APP-TEMPLATE",
            "type": "String"
        },
        "sites_webapptest_template_name": {
            "defaultValue": "webapptest-template",
            "type": "String"
        },
        "servers_serversql_template_name": {
            "defaultValue": "serversql-template",
            "type": "String"
        },
        "applicationGateways_gatway_template_name": {
            "defaultValue": "gatway-template",
            "type": "String"
        },
        "publicIPAddresses_gatway_template_ip_name": {
            "defaultValue": "gatway-template-ip",
            "type": "String"
        },
        "advisors_DropIndex_name": {
            "defaultValue": "DropIndex",
            "type": "String"
        },
        "keys_ServiceManaged_name": {
            "defaultValue": "ServiceManaged",
            "type": "String"
        },
        "advisors_CreateIndex_name": {
            "defaultValue": "CreateIndex",
            "type": "String"
        },
        "advisors_DefragmentIndex_name": {
            "defaultValue": "DefragmentIndex",
            "type": "String"
        },
        "auditingPolicies_Default_name": {
            "defaultValue": "Default",
            "type": "String"
        },
        "databases_sql_apptemplate_name": {
            "defaultValue": "sql-apptemplate",
            "type": "String"
        },
        "advisors_ForceLastGoodPlan_name": {
            "defaultValue": "ForceLastGoodPlan",
            "type": "String"
        },
        "advisors_DbParameterization_name": {
            "defaultValue": "DbParameterization",
            "type": "String"
        },
        "encryptionProtector_current_name": {
            "defaultValue": "current",
            "type": "String"
        },
        "auditingPolicies_Default_name_1": {
            "defaultValue": "Default",
            "type": "String"
        },
        "databases_master_name": {
            "defaultValue": "master",
            "type": "String"
        },
        "geoBackupPolicies_Default_name": {
            "defaultValue": "Default",
            "type": "String"
        },
        "advisors_DropIndex_name_1": {
            "defaultValue": "DropIndex",
            "type": "String"
        },
        "advisors_CreateIndex_name_1": {
            "defaultValue": "CreateIndex",
            "type": "String"
        },
        "transparentDataEncryption_current_name": {
            "defaultValue": "current",
            "type": "String"
        },
        "advisors_DefragmentIndex_name_1": {
            "defaultValue": "DefragmentIndex",
            "type": "String"
        },
        "auditingPolicies_Default_name_2": {
            "defaultValue": "Default",
            "type": "String"
        },
        "geoBackupPolicies_Default_name_1": {
            "defaultValue": "Default",
            "type": "String"
        },
        "advisors_ForceLastGoodPlan_name_1": {
            "defaultValue": "ForceLastGoodPlan",
            "type": "String"
        },
        "advisors_DbParameterization_name_1": {
            "defaultValue": "DbParameterization",
            "type": "String"
        },
        "hostNameBindings_webapptest_template.azurewebsites.net_name": {
            "defaultValue": "webapptest-template.azurewebsites.net",
            "type": "String"
        },
        "transparentDataEncryption_current_name_1": {
            "defaultValue": "current",
            "type": "String"
        },
        "applicationGateways_gatway_template_id": {
            "defaultValue": "/subscriptions/47ea923d-bbfb-4cae-a53b-6ae79b0d836f/resourceGroups/databricks-rg-totaltestvs-uxlsoxr4hmfns/providers/Microsoft.Network/virtualNetworks/workers-vnet/subnets/public-subnet",
            "type": "String"
        },
        "applicationGateways_gatway_template_id_1": {
            "defaultValue": "/subscriptions/47ea923d-bbfb-4cae-a53b-6ae79b0d836f/resourceGroups/RG-template/providers/Microsoft.Network/applicationGateways/gatway-template/frontendIPConfigurations/appGatewayFrontendIP",
            "type": "String"
        },
        "applicationGateways_gatway_template_id_2": {
            "defaultValue": "/subscriptions/47ea923d-bbfb-4cae-a53b-6ae79b0d836f/resourceGroups/RG-template/providers/Microsoft.Network/applicationGateways/gatway-template/frontendPorts/appGatewayFrontendPort",
            "type": "String"
        },
        "applicationGateways_gatway_template_id_3": {
            "defaultValue": "/subscriptions/47ea923d-bbfb-4cae-a53b-6ae79b0d836f/resourceGroups/RG-template/providers/Microsoft.Network/applicationGateways/gatway-template/httpListeners/appGatewayHttpListener",
            "type": "String"
        },
        "applicationGateways_gatway_template_id_4": {
            "defaultValue": "/subscriptions/47ea923d-bbfb-4cae-a53b-6ae79b0d836f/resourceGroups/RG-template/providers/Microsoft.Network/applicationGateways/gatway-template/backendAddressPools/appGatewayBackendPool",
            "type": "String"
        },
        "applicationGateways_gatway_template_id_5": {
            "defaultValue": "/subscriptions/47ea923d-bbfb-4cae-a53b-6ae79b0d836f/resourceGroups/RG-template/providers/Microsoft.Network/applicationGateways/gatway-template/backendHttpSettingsCollection/appGatewayBackendHttpSettings",
            "type": "String"
        }
    },
    "variables": {},
    "resources": [
        {
            "comments": "Generalized from resource: '/subscriptions/47ea923d-bbfb-4cae-a53b-6ae79b0d836f/resourceGroups/RG-template/providers/Microsoft.Network/applicationGateways/gatway-template'.",
            "type": "Microsoft.Network/applicationGateways",
            "name": "[parameters('applicationGateways_gatway_template_name')]",
            "apiVersion": "2018-02-01",
            "location": "westeurope",
            "scale": null,
            "properties": {
                "provisioningState": "Succeeded",
                "resourceGuid": "175ccb8e-0801-4efc-befa-c7829768bd43",
                "sku": {
                    "name": "WAF_Medium",
                    "tier": "WAF",
                    "capacity": 2
                },
                "gatewayIPConfigurations": [
                    {
                        "name": "appGatewayIpConfig",
                        "etag": "W/\"7ba9e0f5-eee4-4d7f-92ac-00ae023c8c76\"",
                        "properties": {
                            "provisioningState": "Succeeded",
                            "subnet": {
                                "id": "[parameters('applicationGateways_gatway_template_id')]"
                            }
                        }
                    }
                ],
                "sslCertificates": [],
                "authenticationCertificates": [],
                "frontendIPConfigurations": [
                    {
                        "name": "appGatewayFrontendIP",
                        "etag": "W/\"7ba9e0f5-eee4-4d7f-92ac-00ae023c8c76\"",
                        "properties": {
                            "provisioningState": "Succeeded",
                            "privateIPAllocationMethod": "Dynamic",
                            "publicIPAddress": {
                                "id": "[resourceId('Microsoft.Network/publicIPAddresses', parameters('publicIPAddresses_gatway_template_ip_name'))]"
                            }
                        }
                    }
                ],
                "frontendPorts": [
                    {
                        "name": "appGatewayFrontendPort",
                        "etag": "W/\"7ba9e0f5-eee4-4d7f-92ac-00ae023c8c76\"",
                        "properties": {
                            "provisioningState": "Succeeded",
                            "port": 80
                        }
                    }
                ],
                "backendAddressPools": [
                    {
                        "name": "appGatewayBackendPool",
                        "etag": "W/\"7ba9e0f5-eee4-4d7f-92ac-00ae023c8c76\"",
                        "properties": {
                            "provisioningState": "Succeeded",
                            "backendAddresses": [
                                {
                                    "fqdn": "webapptest-template.azurewebsites.net"
                                }
                            ]
                        }
                    }
                ],
                "backendHttpSettingsCollection": [
                    {
                        "name": "appGatewayBackendHttpSettings",
                        "etag": "W/\"7ba9e0f5-eee4-4d7f-92ac-00ae023c8c76\"",
                        "properties": {
                            "provisioningState": "Succeeded",
                            "port": 80,
                            "protocol": "Http",
                            "cookieBasedAffinity": "Disabled",
                            "pickHostNameFromBackendAddress": false,
                            "requestTimeout": 30
                        }
                    }
                ],
                "httpListeners": [
                    {
                        "name": "appGatewayHttpListener",
                        "etag": "W/\"7ba9e0f5-eee4-4d7f-92ac-00ae023c8c76\"",
                        "properties": {
                            "provisioningState": "Succeeded",
                            "frontendIPConfiguration": {
                                "id": "[parameters('applicationGateways_gatway_template_id_1')]"
                            },
                            "frontendPort": {
                                "id": "[parameters('applicationGateways_gatway_template_id_2')]"
                            },
                            "protocol": "Http",
                            "requireServerNameIndication": false
                        }
                    }
                ],
                "urlPathMaps": [],
                "requestRoutingRules": [
                    {
                        "name": "rule1",
                        "etag": "W/\"7ba9e0f5-eee4-4d7f-92ac-00ae023c8c76\"",
                        "properties": {
                            "provisioningState": "Succeeded",
                            "ruleType": "Basic",
                            "httpListener": {
                                "id": "[parameters('applicationGateways_gatway_template_id_3')]"
                            },
                            "backendAddressPool": {
                                "id": "[parameters('applicationGateways_gatway_template_id_4')]"
                            },
                            "backendHttpSettings": {
                                "id": "[parameters('applicationGateways_gatway_template_id_5')]"
                            }
                        }
                    }
                ],
                "probes": [],
                "redirectConfigurations": [],
                "webApplicationFirewallConfiguration": {
                    "enabled": true,
                    "firewallMode": "Detection",
                    "ruleSetType": "OWASP",
                    "ruleSetVersion": "3.0",
                    "disabledRuleGroups": []
                },
                "enableHttp2": true
            },
            "dependsOn": [
                "[resourceId('Microsoft.Network/publicIPAddresses', parameters('publicIPAddresses_gatway_template_ip_name'))]"
            ]
        },
        {
            "comments": "Generalized from resource: '/subscriptions/47ea923d-bbfb-4cae-a53b-6ae79b0d836f/resourceGroups/RG-template/providers/Microsoft.Network/publicIPAddresses/gatway-template-ip'.",
            "type": "Microsoft.Network/publicIPAddresses",
            "sku": {
                "name": "Basic",
                "tier": "Regional"
            },
            "name": "[parameters('publicIPAddresses_gatway_template_ip_name')]",
            "apiVersion": "2018-02-01",
            "location": "westeurope",
            "scale": null,
            "properties": {
                "provisioningState": "Succeeded",
                "resourceGuid": "6b18ddb9-6073-4b7e-93c8-6e102c91951b",
                "ipAddress": "104.46.45.94",
                "publicIPAddressVersion": "IPv4",
                "publicIPAllocationMethod": "Dynamic",
                "idleTimeoutInMinutes": 4,
                "dnsSettings": {
                    "domainNameLabel": "gateway-template",
                    "fqdn": "gateway-template.westeurope.cloudapp.azure.com"
                },
                "ipTags": []
            },
            "dependsOn": []
        },
        {
            "comments": "Generalized from resource: '/subscriptions/47ea923d-bbfb-4cae-a53b-6ae79b0d836f/resourceGroups/RG-template/providers/Microsoft.Sql/servers/serversql-template'.",
            "type": "Microsoft.Sql/servers",
            "kind": "v12.0",
            "name": "[parameters('servers_serversql_template_name')]",
            "apiVersion": "2015-05-01-preview",
            "location": "westeurope",
            "scale": null,
            "properties": {
                "administratorLogin": "sqladmin",
                "version": "12.0"
            },
            "dependsOn": []
        },
        {
            "comments": "Generalized from resource: '/subscriptions/47ea923d-bbfb-4cae-a53b-6ae79b0d836f/resourceGroups/RG-template/providers/Microsoft.Web/serverfarms/APP-TEMPLATE'.",
            "type": "Microsoft.Web/serverfarms",
            "sku": {
                "name": "S1",
                "tier": "Standard",
                "size": "S1",
                "family": "S",
                "capacity": 1
            },
            "kind": "app",
            "name": "[parameters('serverfarms_APP_TEMPLATE_name')]",
            "apiVersion": "2016-09-01",
            "location": "West Europe",
            "scale": null,
            "properties": {
                "name": "[parameters('serverfarms_APP_TEMPLATE_name')]",
                "workerTierName": null,
                "adminSiteName": null,
                "hostingEnvironmentProfile": null,
                "perSiteScaling": false,
                "reserved": false,
                "targetWorkerCount": 0,
                "targetWorkerSizeId": 0
            },
            "dependsOn": []
        },
        {
            "comments": "Generalized from resource: '/subscriptions/47ea923d-bbfb-4cae-a53b-6ae79b0d836f/resourceGroups/RG-template/providers/Microsoft.Web/sites/webapptest-template'.",
            "type": "Microsoft.Web/sites",
            "kind": "app",
            "name": "[parameters('sites_webapptest_template_name')]",
            "apiVersion": "2016-08-01",
            "location": "West Europe",
            "tags": {
                "hidden-related:/subscriptions/47ea923d-bbfb-4cae-a53b-6ae79b0d836f/resourcegroups/RG-template/providers/Microsoft.Web/serverfarms/APP-TEMPLATE": "empty"
            },
            "scale": null,
            "properties": {
                "enabled": true,
                "hostNameSslStates": [
                    {
                        "name": "[concat(parameters('sites_webapptest_template_name'),'.azurewebsites.net')]",
                        "sslState": "Disabled",
                        "virtualIP": null,
                        "thumbprint": null,
                        "toUpdate": null,
                        "hostType": "Standard"
                    },
                    {
                        "name": "[concat(parameters('sites_webapptest_template_name'),'.scm.azurewebsites.net')]",
                        "sslState": "Disabled",
                        "virtualIP": null,
                        "thumbprint": null,
                        "toUpdate": null,
                        "hostType": "Repository"
                    }
                ],
                "serverFarmId": "[resourceId('Microsoft.Web/serverfarms', parameters('serverfarms_APP_TEMPLATE_name'))]",
                "reserved": false,
                "siteConfig": null,
                "scmSiteAlsoStopped": false,
                "hostingEnvironmentProfile": null,
                "clientAffinityEnabled": true,
                "clientCertEnabled": false,
                "hostNamesDisabled": false,
                "containerSize": 0,
                "dailyMemoryTimeQuota": 0,
                "cloningInfo": null
            },
            "dependsOn": [
                "[resourceId('Microsoft.Web/serverfarms', parameters('serverfarms_APP_TEMPLATE_name'))]"
            ]
        },
        {
            "comments": "Generalized from resource: '/subscriptions/47ea923d-bbfb-4cae-a53b-6ae79b0d836f/resourceGroups/RG-template/providers/Microsoft.Sql/servers/serversql-template/advisors/CreateIndex'.",
            "type": "Microsoft.Sql/servers/advisors",
            "name": "[concat(parameters('servers_serversql_template_name'), '/', parameters('advisors_CreateIndex_name'))]",
            "apiVersion": "2014-04-01",
            "scale": null,
            "properties": {
                "autoExecuteValue": "Disabled"
            },
            "dependsOn": [
                "[resourceId('Microsoft.Sql/servers', parameters('servers_serversql_template_name'))]"
            ]
        },
        {
            "comments": "Generalized from resource: '/subscriptions/47ea923d-bbfb-4cae-a53b-6ae79b0d836f/resourceGroups/RG-template/providers/Microsoft.Sql/servers/serversql-template/advisors/DropIndex'.",
            "type": "Microsoft.Sql/servers/advisors",
            "name": "[concat(parameters('servers_serversql_template_name'), '/', parameters('advisors_DropIndex_name'))]",
            "apiVersion": "2014-04-01",
            "scale": null,
            "properties": {
                "autoExecuteValue": "Disabled"
            },
            "dependsOn": [
                "[resourceId('Microsoft.Sql/servers', parameters('servers_serversql_template_name'))]"
            ]
        },
        {
            "comments": "Generalized from resource: '/subscriptions/47ea923d-bbfb-4cae-a53b-6ae79b0d836f/resourceGroups/RG-template/providers/Microsoft.Sql/servers/serversql-template/advisors/DbParameterization'.",
            "type": "Microsoft.Sql/servers/advisors",
            "name": "[concat(parameters('servers_serversql_template_name'), '/', parameters('advisors_DbParameterization_name'))]",
            "apiVersion": "2014-04-01",
            "scale": null,
            "properties": {
                "autoExecuteValue": "Disabled"
            },
            "dependsOn": [
                "[resourceId('Microsoft.Sql/servers', parameters('servers_serversql_template_name'))]"
            ]
        },
        {
            "comments": "Generalized from resource: '/subscriptions/47ea923d-bbfb-4cae-a53b-6ae79b0d836f/resourceGroups/RG-template/providers/Microsoft.Sql/servers/serversql-template/advisors/DefragmentIndex'.",
            "type": "Microsoft.Sql/servers/advisors",
            "name": "[concat(parameters('servers_serversql_template_name'), '/', parameters('advisors_DefragmentIndex_name'))]",
            "apiVersion": "2014-04-01",
            "scale": null,
            "properties": {
                "autoExecuteValue": "Disabled"
            },
            "dependsOn": [
                "[resourceId('Microsoft.Sql/servers', parameters('servers_serversql_template_name'))]"
            ]
        },
        {
            "comments": "Generalized from resource: '/subscriptions/47ea923d-bbfb-4cae-a53b-6ae79b0d836f/resourceGroups/RG-template/providers/Microsoft.Sql/servers/serversql-template/advisors/ForceLastGoodPlan'.",
            "type": "Microsoft.Sql/servers/advisors",
            "name": "[concat(parameters('servers_serversql_template_name'), '/', parameters('advisors_ForceLastGoodPlan_name'))]",
            "apiVersion": "2014-04-01",
            "scale": null,
            "properties": {
                "autoExecuteValue": "Disabled"
            },
            "dependsOn": [
                "[resourceId('Microsoft.Sql/servers', parameters('servers_serversql_template_name'))]"
            ]
        },
        {
            "comments": "Generalized from resource: '/subscriptions/47ea923d-bbfb-4cae-a53b-6ae79b0d836f/resourceGroups/RG-template/providers/Microsoft.Sql/servers/serversql-template/auditingPolicies/Default'.",
            "type": "Microsoft.Sql/servers/auditingPolicies",
            "name": "[concat(parameters('servers_serversql_template_name'), '/', parameters('auditingPolicies_Default_name'))]",
            "apiVersion": "2014-04-01",
            "location": "West Europe",
            "scale": null,
            "properties": {
                "auditingState": "New",
                "eventTypesToAudit": "PlainSQL_Success,PlainSQL_Failure,ParameterizedSQL_Success,ParameterizedSQL_Failure,StoredProcedure_Success,StoredProcedure_Failure,Login_Success,Login_Failure,TransactionManagement_Success,TransactionManagement_Failure",
                "storageAccountName": null,
                "storageAccountKey": null,
                "storageAccountSecondaryKey": null,
                "storageTableEndpoint": null,
                "storageAccountResourceGroupName": null,
                "storageAccountSubscriptionId": null,
                "fullAuditLogsTableName": "SQLDBAuditLogsServersqltemplate",
                "auditLogsTableName": "Serversqltemplate",
                "retentionDays": "0"
            },
            "dependsOn": [
                "[resourceId('Microsoft.Sql/servers', parameters('servers_serversql_template_name'))]"
            ]
        },
        {
            "comments": "Generalized from resource: '/subscriptions/47ea923d-bbfb-4cae-a53b-6ae79b0d836f/resourceGroups/RG-template/providers/Microsoft.Sql/servers/serversql-template/databases/sql-apptemplate'.",
            "type": "Microsoft.Sql/servers/databases",
            "kind": "v12.0,user",
            "name": "[concat(parameters('servers_serversql_template_name'), '/', parameters('databases_sql_apptemplate_name'))]",
            "apiVersion": "2014-04-01-preview",
            "location": "West Europe",
            "scale": null,
            "properties": {
                "databaseId": "d4c9553a-eddf-49b4-a09d-ede3ed64f48c",
                "edition": "Standard",
                "status": "Online",
                "serviceLevelObjective": "S0",
                "collation": "SQL_Latin1_General_CP1_CI_AS",
                "maxSizeBytes": "268435456000",
                "creationDate": "2018-07-28T12:05:37.56Z",
                "currentServiceObjectiveId": "f1173c43-91bd-4aaa-973c-54e79e15235b",
                "requestedServiceObjectiveId": "f1173c43-91bd-4aaa-973c-54e79e15235b",
                "requestedServiceObjectiveName": "S0",
                "sampleName": null,
                "defaultSecondaryLocation": "North Europe",
                "earliestRestoreDate": "2018-07-28T12:06:11.697Z",
                "elasticPoolName": null,
                "containmentState": 2,
                "readScale": "Disabled",
                "failoverGroupId": null,
                "zoneRedundant": false,
                "isUpgradeRequested": false
            },
            "dependsOn": [
                "[resourceId('Microsoft.Sql/servers', parameters('servers_serversql_template_name'))]"
            ]
        },
        {
            "comments": "Generalized from resource: '/subscriptions/47ea923d-bbfb-4cae-a53b-6ae79b0d836f/resourceGroups/RG-template/providers/Microsoft.Sql/servers/serversql-template/encryptionProtector/current'.",
            "type": "Microsoft.Sql/servers/encryptionProtector",
            "kind": "servicemanaged",
            "name": "[concat(parameters('servers_serversql_template_name'), '/', parameters('encryptionProtector_current_name'))]",
            "apiVersion": "2015-05-01-preview",
            "scale": null,
            "properties": {
                "serverKeyName": "ServiceManaged",
                "serverKeyType": "ServiceManaged"
            },
            "dependsOn": [
                "[resourceId('Microsoft.Sql/servers', parameters('servers_serversql_template_name'))]"
            ]
        },
        {
            "comments": "Generalized from resource: '/subscriptions/47ea923d-bbfb-4cae-a53b-6ae79b0d836f/resourceGroups/RG-template/providers/Microsoft.Sql/servers/serversql-template/keys/ServiceManaged'.",
            "type": "Microsoft.Sql/servers/keys",
            "kind": "servicemanaged",
            "name": "[concat(parameters('servers_serversql_template_name'), '/', parameters('keys_ServiceManaged_name'))]",
            "apiVersion": "2015-05-01-preview",
            "scale": null,
            "properties": {
                "serverKeyType": "[parameters('keys_ServiceManaged_name')]"
            },
            "dependsOn": [
                "[resourceId('Microsoft.Sql/servers', parameters('servers_serversql_template_name'))]"
            ]
        },
        {
            "comments": "Generalized from resource: '/subscriptions/47ea923d-bbfb-4cae-a53b-6ae79b0d836f/resourceGroups/RG-template/providers/Microsoft.Sql/servers/serversql-template/databases/master/auditingPolicies/Default'.",
            "type": "Microsoft.Sql/servers/databases/auditingPolicies",
            "name": "[concat(parameters('servers_serversql_template_name'), '/', parameters('databases_master_name'), '/', parameters('auditingPolicies_Default_name_1'))]",
            "apiVersion": "2014-04-01",
            "location": "West Europe",
            "scale": null,
            "properties": {
                "auditingState": "New",
                "eventTypesToAudit": "PlainSQL_Success,PlainSQL_Failure,ParameterizedSQL_Success,ParameterizedSQL_Failure,StoredProcedure_Success,StoredProcedure_Failure,Login_Success,Login_Failure,TransactionManagement_Success,TransactionManagement_Failure",
                "storageAccountName": null,
                "storageAccountKey": null,
                "storageAccountSecondaryKey": null,
                "storageTableEndpoint": null,
                "storageAccountResourceGroupName": null,
                "storageAccountSubscriptionId": null,
                "useServerDefault": "Enabled",
                "fullAuditLogsTableName": "SQLDBAuditLogsServersqltemplateMaster",
                "auditLogsTableName": "ServersqltemplateMaster",
                "retentionDays": "0"
            },
            "dependsOn": [
                "[resourceId('Microsoft.Sql/servers', parameters('servers_serversql_template_name'))]"
            ]
        },
        {
            "comments": "Generalized from resource: '/subscriptions/47ea923d-bbfb-4cae-a53b-6ae79b0d836f/resourceGroups/RG-template/providers/Microsoft.Sql/servers/serversql-template/databases/master/geoBackupPolicies/Default'.",
            "type": "Microsoft.Sql/servers/databases/geoBackupPolicies",
            "name": "[concat(parameters('servers_serversql_template_name'), '/', parameters('databases_master_name'), '/', parameters('geoBackupPolicies_Default_name'))]",
            "apiVersion": "2014-04-01",
            "location": "West Europe",
            "scale": null,
            "properties": {
                "state": "Enabled"
            },
            "dependsOn": [
                "[resourceId('Microsoft.Sql/servers', parameters('servers_serversql_template_name'))]"
            ]
        },
        {
            "comments": "Generalized from resource: '/subscriptions/47ea923d-bbfb-4cae-a53b-6ae79b0d836f/resourceGroups/RG-template/providers/Microsoft.Sql/servers/serversql-template/databases/master/transparentDataEncryption/current'.",
            "type": "Microsoft.Sql/servers/databases/transparentDataEncryption",
            "name": "[concat(parameters('servers_serversql_template_name'), '/', parameters('databases_master_name'), '/', parameters('transparentDataEncryption_current_name'))]",
            "apiVersion": "2014-04-01",
            "location": "West Europe",
            "scale": null,
            "properties": {
                "status": "Disabled"
            },
            "dependsOn": [
                "[resourceId('Microsoft.Sql/servers', parameters('servers_serversql_template_name'))]"
            ]
        },
        {
            "comments": "Generalized from resource: '/subscriptions/47ea923d-bbfb-4cae-a53b-6ae79b0d836f/resourceGroups/RG-template/providers/Microsoft.Sql/servers/serversql-template/databases/sql-apptemplate/advisors/CreateIndex'.",
            "type": "Microsoft.Sql/servers/databases/advisors",
            "name": "[concat(parameters('servers_serversql_template_name'), '/', parameters('databases_sql_apptemplate_name'), '/', parameters('advisors_CreateIndex_name_1'))]",
            "apiVersion": "2014-04-01",
            "scale": null,
            "properties": {
                "autoExecuteValue": "Disabled"
            },
            "dependsOn": [
                "[resourceId('Microsoft.Sql/servers', parameters('servers_serversql_template_name'))]",
                "[resourceId('Microsoft.Sql/servers/databases', parameters('servers_serversql_template_name'), parameters('databases_sql_apptemplate_name'))]"
            ]
        },
        {
            "comments": "Generalized from resource: '/subscriptions/47ea923d-bbfb-4cae-a53b-6ae79b0d836f/resourceGroups/RG-template/providers/Microsoft.Sql/servers/serversql-template/databases/sql-apptemplate/advisors/DropIndex'.",
            "type": "Microsoft.Sql/servers/databases/advisors",
            "name": "[concat(parameters('servers_serversql_template_name'), '/', parameters('databases_sql_apptemplate_name'), '/', parameters('advisors_DropIndex_name_1'))]",
            "apiVersion": "2014-04-01",
            "scale": null,
            "properties": {
                "autoExecuteValue": "Disabled"
            },
            "dependsOn": [
                "[resourceId('Microsoft.Sql/servers', parameters('servers_serversql_template_name'))]",
                "[resourceId('Microsoft.Sql/servers/databases', parameters('servers_serversql_template_name'), parameters('databases_sql_apptemplate_name'))]"
            ]
        },
        {
            "comments": "Generalized from resource: '/subscriptions/47ea923d-bbfb-4cae-a53b-6ae79b0d836f/resourceGroups/RG-template/providers/Microsoft.Sql/servers/serversql-template/databases/sql-apptemplate/advisors/DbParameterization'.",
            "type": "Microsoft.Sql/servers/databases/advisors",
            "name": "[concat(parameters('servers_serversql_template_name'), '/', parameters('databases_sql_apptemplate_name'), '/', parameters('advisors_DbParameterization_name_1'))]",
            "apiVersion": "2014-04-01",
            "scale": null,
            "properties": {
                "autoExecuteValue": "Disabled"
            },
            "dependsOn": [
                "[resourceId('Microsoft.Sql/servers', parameters('servers_serversql_template_name'))]",
                "[resourceId('Microsoft.Sql/servers/databases', parameters('servers_serversql_template_name'), parameters('databases_sql_apptemplate_name'))]"
            ]
        },
        {
            "comments": "Generalized from resource: '/subscriptions/47ea923d-bbfb-4cae-a53b-6ae79b0d836f/resourceGroups/RG-template/providers/Microsoft.Sql/servers/serversql-template/databases/sql-apptemplate/advisors/DefragmentIndex'.",
            "type": "Microsoft.Sql/servers/databases/advisors",
            "name": "[concat(parameters('servers_serversql_template_name'), '/', parameters('databases_sql_apptemplate_name'), '/', parameters('advisors_DefragmentIndex_name_1'))]",
            "apiVersion": "2014-04-01",
            "scale": null,
            "properties": {
                "autoExecuteValue": "Disabled"
            },
            "dependsOn": [
                "[resourceId('Microsoft.Sql/servers', parameters('servers_serversql_template_name'))]",
                "[resourceId('Microsoft.Sql/servers/databases', parameters('servers_serversql_template_name'), parameters('databases_sql_apptemplate_name'))]"
            ]
        },
        {
            "comments": "Generalized from resource: '/subscriptions/47ea923d-bbfb-4cae-a53b-6ae79b0d836f/resourceGroups/RG-template/providers/Microsoft.Sql/servers/serversql-template/databases/sql-apptemplate/advisors/ForceLastGoodPlan'.",
            "type": "Microsoft.Sql/servers/databases/advisors",
            "name": "[concat(parameters('servers_serversql_template_name'), '/', parameters('databases_sql_apptemplate_name'), '/', parameters('advisors_ForceLastGoodPlan_name_1'))]",
            "apiVersion": "2014-04-01",
            "scale": null,
            "properties": {
                "autoExecuteValue": "Disabled"
            },
            "dependsOn": [
                "[resourceId('Microsoft.Sql/servers', parameters('servers_serversql_template_name'))]",
                "[resourceId('Microsoft.Sql/servers/databases', parameters('servers_serversql_template_name'), parameters('databases_sql_apptemplate_name'))]"
            ]
        },
        {
            "comments": "Generalized from resource: '/subscriptions/47ea923d-bbfb-4cae-a53b-6ae79b0d836f/resourceGroups/RG-template/providers/Microsoft.Sql/servers/serversql-template/databases/sql-apptemplate/auditingPolicies/Default'.",
            "type": "Microsoft.Sql/servers/databases/auditingPolicies",
            "name": "[concat(parameters('servers_serversql_template_name'), '/', parameters('databases_sql_apptemplate_name'), '/', parameters('auditingPolicies_Default_name_2'))]",
            "apiVersion": "2014-04-01",
            "location": "West Europe",
            "scale": null,
            "properties": {
                "auditingState": "New",
                "eventTypesToAudit": "PlainSQL_Success,PlainSQL_Failure,ParameterizedSQL_Success,ParameterizedSQL_Failure,StoredProcedure_Success,StoredProcedure_Failure,Login_Success,Login_Failure,TransactionManagement_Success,TransactionManagement_Failure",
                "storageAccountName": null,
                "storageAccountKey": null,
                "storageAccountSecondaryKey": null,
                "storageTableEndpoint": null,
                "storageAccountResourceGroupName": null,
                "storageAccountSubscriptionId": null,
                "useServerDefault": "Enabled",
                "fullAuditLogsTableName": "SQLDBAuditLogsServersqltemplateSqlapptemplate",
                "auditLogsTableName": "ServersqltemplateSqlapptemplate",
                "retentionDays": "0"
            },
            "dependsOn": [
                "[resourceId('Microsoft.Sql/servers', parameters('servers_serversql_template_name'))]",
                "[resourceId('Microsoft.Sql/servers/databases', parameters('servers_serversql_template_name'), parameters('databases_sql_apptemplate_name'))]"
            ]
        },
        {
            "comments": "Generalized from resource: '/subscriptions/47ea923d-bbfb-4cae-a53b-6ae79b0d836f/resourceGroups/RG-template/providers/Microsoft.Sql/servers/serversql-template/databases/sql-apptemplate/geoBackupPolicies/Default'.",
            "type": "Microsoft.Sql/servers/databases/geoBackupPolicies",
            "name": "[concat(parameters('servers_serversql_template_name'), '/', parameters('databases_sql_apptemplate_name'), '/', parameters('geoBackupPolicies_Default_name_1'))]",
            "apiVersion": "2014-04-01",
            "location": "West Europe",
            "scale": null,
            "properties": {
                "state": "Enabled"
            },
            "dependsOn": [
                "[resourceId('Microsoft.Sql/servers', parameters('servers_serversql_template_name'))]",
                "[resourceId('Microsoft.Sql/servers/databases', parameters('servers_serversql_template_name'), parameters('databases_sql_apptemplate_name'))]"
            ]
        },
        {
            "comments": "Generalized from resource: '/subscriptions/47ea923d-bbfb-4cae-a53b-6ae79b0d836f/resourceGroups/RG-template/providers/Microsoft.Sql/servers/serversql-template/databases/sql-apptemplate/transparentDataEncryption/current'.",
            "type": "Microsoft.Sql/servers/databases/transparentDataEncryption",
            "name": "[concat(parameters('servers_serversql_template_name'), '/', parameters('databases_sql_apptemplate_name'), '/', parameters('transparentDataEncryption_current_name_1'))]",
            "apiVersion": "2014-04-01",
            "location": "West Europe",
            "scale": null,
            "properties": {
                "status": "Enabled"
            },
            "dependsOn": [
                "[resourceId('Microsoft.Sql/servers', parameters('servers_serversql_template_name'))]",
                "[resourceId('Microsoft.Sql/servers/databases', parameters('servers_serversql_template_name'), parameters('databases_sql_apptemplate_name'))]"
            ]
        },
        {
            "comments": "Generalized from resource: '/subscriptions/47ea923d-bbfb-4cae-a53b-6ae79b0d836f/resourceGroups/RG-template/providers/Microsoft.Web/sites/webapptest-template/hostNameBindings/webapptest-template.azurewebsites.net'.",
            "type": "Microsoft.Web/sites/hostNameBindings",
            "name": "[concat(parameters('sites_webapptest_template_name'), '/', parameters('hostNameBindings_webapptest_template.azurewebsites.net_name'))]",
            "apiVersion": "2016-08-01",
            "location": "West Europe",
            "scale": null,
            "properties": {
                "siteName": "webapptest-template",
                "domainId": null,
                "hostNameType": "Verified"
            },
            "dependsOn": [
                "[resourceId('Microsoft.Web/sites', parameters('sites_webapptest_template_name'))]"
            ]
        }
    ]
}